model,brand,os,ram_gb,storage_gb,screen_size_inch,primary_camera_mp,front_camera_mp,cpu_speed_ghz,cpu_cores,battery_mah,has_5g,condition,price_inr
Samsung Galaxy A14,Samsung,Android,4,128,6.6,50,13,2.0,8,5000,0,New,13999
Redmi Note 12,Xiaomi,Android,6,128,6.67,48,13,2.0,8,5000,1,New,14999
iPhone 12,Apple,iOS,4,64,6.1,12,12,3.1,6,2815,1,Used,24999
OnePlus Nord CE 3,OnePlus,Android,8,128,6.7,50,16,2.7,8,5000,1,New,19999
Realme Narzo 60,Realme,Android,8,256,6.43,64,16,2.2,8,5000,1,New,17999
Vivo V29,Vivo,Android,8,256,6.78,50,50,2.4,8,4600,1,New,31999
Oppo A78,Oppo,Android,8,128,6.56,50,8,2.4,8,5000,0,New,18499
Samsung S21 FE,Samsung,Android,8,128,6.4,12,32,2.9,8,4500,1,Used,32999
iPhone 13,Apple,iOS,4,128,6.1,12,12,3.2,6,3227,1,New,45999
Pixel 7a,Google,Android,8,128,6.1,64,13,2.85,8,4385,1,New,39999
Nothing Phone 1,Nothing,Android,8,128,6.55,50,16,2.5,8,4500,1,New,27999
Moto G54,Motorola,Android,8,128,6.5,50,16,2.2,8,6000,1,New,15999
Poco X5 Pro,Poco,Android,6,128,6.67,108,16,2.4,8,5000,1,Used,22999
iPhone 11,Apple,iOS,4,64,6.1,12,12,2.65,6,3110,0,Used,25999
Realme C55,Realme,Android,6,128,6.72,64,8,2.0,8,5000,0,New,11999
Vivo Y36,Vivo,Android,8,128,6.64,50,16,2.4,8,5000,0,New,16999
Oppo Reno 8,Oppo,Android,8,128,6.4,50,32,3.0,8,4500,1,Used,28499
Samsung M34,Samsung,Android,6,128,6.5,50,13,2.4,8,6000,1,New,18999
OnePlus 11R,OnePlus,Android,16,256,6.74,50,16,3.2,8,5000,1,New,39999
iPhone 14,Apple,iOS,6,128,6.1,12,12,3.2,6,3279,1,New,59999
